<?xml version="1.0" encoding="UTF-8"?>
<?oxygen RNGSchema="../../Documents/meshFormat.rnc" type="compact"?>

<mesh xmlns="http://www.arcsynthesis.com/gltut/mesh" >
	<attribute index="0" type="float" size="3" > 
        0.5 0 -0.5
        0.5 0 0.5
        -0.5 0 0.5
        -0.5 0 -0.5
        0.5 0 -0.5
        0.5 0 0.5
        -0.5 0 0.5
        -0.5 0 -0.5</attribute>
	<attribute index="1" type="float" size="4" > 
        1 1 1 1
        1 1 1 1
        1 1 1 1
        1 1 1 1
        1 1 1 1
        1 1 1 1
        1 1 1 1
        1 1 1 1</attribute>
	<attribute index="2" type="float" size="3" > 
        0 1 0
        0 1 0
        0 1 0
        0 1 0
        0 -1 0
        0 -1 0
        0 -1 0
        0 -1 0</attribute>
	<attribute index="5" type="float" size="2" > 
        1 0
        1 1
        0 1
        0 0
        1 0
        1 1
        0 1
        0 0</attribute>
	<vao name="flat" >
		<source attrib="0" />
	</vao>
	<vao name="color" >
		<source attrib="0" />
		<source attrib="1" />
	</vao>
	<vao name="lit" >
		<source attrib="0" />
		<source attrib="2" />
	</vao>
	<vao name="lit-color" >
		<source attrib="0" />
		<source attrib="1" />
		<source attrib="2" />
	</vao>
	<vao name="lit-tex" >
		<source attrib="0" />
		<source attrib="2" />
		<source attrib="5" />
	</vao>
	<vao name="lit-color-tex" >
		<source attrib="0" />
		<source attrib="1" />
		<source attrib="2" />
		<source attrib="5" />
	</vao>
	<indices cmd="triangles" type="ushort" > 
        0 1 2
        2 3 0
        4 6 5
        6 4 7</indices>
</mesh>