<?xml version="1.0" encoding="UTF-8"?>
<lightenv atten="60">
    <sun time="48">
        <key time="0" ambient="1 1 1 1.0" intensity="12 12 12 1.0"
			background="0.65 0.65 1.0 1.0" max-intensity="15" />
        <key time="4" ambient="1 1 1 1.0" intensity="12 12 12 1.0"
			background="0.65 0.65 1.0 1.0" max-intensity="15" />
        <key time="5" ambient="0.8 0.8 0.8 1.0" intensity="8 8 8 1.0"
			background="0.65 0.65 1.0 1.0" max-intensity="12" />
        <key time="6" ambient="0.8 0.4 0.4 1.0" intensity="8 4 4 1.0"
			background="0.65 0.3 0.3 1.0" max-intensity="10" />
        <key time="6.5" ambient="0.4 0.2 0.2 1.0" intensity="3 1 1 1.0"
			background="0.3 0.1 0.1 1.0" max-intensity="8" />
        <key time="7.5" ambient="0.01 0.01 0.01 1.0" intensity="0 0 0 1.0"
			background="0 0 0 1.0" max-intensity="6" />
        <key time="16.5" ambient="0.01 0.01 0.01 1.0" intensity="0 0 0 1.0"
			background="0 0 0 1.0" max-intensity="6" />
        <key time="17.5" ambient="0.4 0.2 0.2 1.0" intensity="3 1 1 1.0"
			background="0.3 0.1 0.1 1.0" max-intensity="8" />
        <key time="18" ambient="0.8 0.4 0.4 1.0" intensity="8 4 4 1.0"
			background="0.65 0.3 0.3 1.0" max-intensity="10" />
        <key time="19" ambient="0.8 0.8 0.8 1.0" intensity="8 8 8 1.0"
			background="0.65 0.65 1.0 1.0" max-intensity="12" />
        <key time="20" ambient="1 1 1 1.0" intensity="12 12 12 1.0"
			background="0.65 0.65 1.0 1.0" max-intensity="15" />
    </sun>
    <light time="24" intensity="3 3 3 1.0">
		<key>-40.0 40 -90.0</key>
		<key>-35.0 30 -75.0</key>
        <key>-30.0 15 -60.0</key>
        <key>50.0 5 -30.0</key>
        <key>30.0 5 20.0</key>
        <key>0.0 0 30.0</key>
        <key>-20.0 5 50.0</key>
        <key>-10.0 15 80.0</key>
        <key>60.0 10 90.0</key>
        <key>70.0 10 -40.0</key>
        <key>40.0 30 -80.0</key>
    </light>
	<light time="12" intensity="2 1 4 1.0">
		<key>-80 10 70</key>
		<key>-80 10 40</key>
		<key>-76 13 30</key>
		<key>-70 13 8</key>
		<key>-70 13 8</key>
		<key>-77 10 3</key>
		<key>-85 8 8</key>
		<key>-85 8 8</key>
		<key>-90 8 20</key>
		<key>-90 8 40</key>
	</light>
</lightenv>